-- +goose Up
-- Form Template
INSERT INTO public.form_templates
    (id, created_at, updated_at, deleted_at, file_name, title, category_id, data_sheet, description, decoration, template_id, current_version, tag, "type")
VALUES
    (2, '2025-04-20 11:08:18.022', '2025-04-20 11:08:18.022', NULL, 'Hiring request form', 'Hiring request form', 1, '{"Project": ["Prepify", "ZODC"], "Job title": ["Frontend Developer", "Backend Developer", "DevOps Engineer", "UI/UX Designer", "QA Engineer (Tester)", "Business Analyst (BA)"], "Seniority": ["Fresher (0-1)", "Junior (1-2)", "Mid-level (3-4)", "Senior (5+)", "", ""], "Technologies": ["Angular (14+)", "React", "Vue", "Nodejs", "Python", "Golang"]}'::jsonb, 'Hiring request form', 'person_add|--primary-40', NULL, 1, 'FORM', 'USER'),
    (3, '2025-04-20 11:10:01.533', '2025-04-20 11:10:01.533', NULL, 'Requestor Information', 'Requestor Information', 1, '{"Project": ["Prepify", "ZODC"], "Job title": ["Frontend Developer", "Backend Developer", "DevOps Engineer", "UI/UX Designer", "QA Engineer (Tester)", "Business Analyst (BA)"], "Seniority": ["Fresher (0-1)", "Junior (1-2)", "Mid-level (3-4)", "Senior (5+)", "", ""], "Technologies": ["Angular (14+)", "React", "Vue", "Nodejs", "Python", "Golang"]}'::jsonb, 'Requestor Information', 'person_add|--primary-40', NULL, 1, 'FORM', 'USER'),
    (4, '2025-04-20 11:14:38.430', '2025-04-20 11:14:38.430', NULL, 'Resume Upload Resume Form', 'Resume Upload Resume Form', 1, '{"Project": ["Prepify", "ZODC"], "Job title": ["Frontend Developer", "Backend Developer", "DevOps Engineer", "UI/UX Designer", "QA Engineer (Tester)", "Business Analyst (BA)"], "Seniority": ["Fresher (0-1)", "Junior (1-2)", "Mid-level (3-4)", "Senior (5+)", "", ""], "Technologies": ["Angular (14+)", "React", "Vue", "Nodejs", "Python", "Golang"]}'::jsonb, 'Resume Upload Resume Form', 'person_add|--primary-40', NULL, 1, 'FORM', 'USER');

SELECT setval('form_templates_id_seq', (SELECT MAX(id) FROM form_templates));

-- Form Template Version
INSERT INTO public.form_template_versions
    (id, created_at, updated_at, deleted_at, "version", form_template_id)
VALUES
    (2, '2025-04-20 11:08:18.022', '2025-04-20 11:08:18.022', NULL, 1, 2),
    (3, '2025-04-20 11:10:01.533', '2025-04-20 11:10:01.533', NULL, 1, 3),
    (4, '2025-04-20 11:14:38.430', '2025-04-20 11:14:38.430', NULL, 1, 4);

SELECT setval('form_template_versions_id_seq', (SELECT MAX(id) FROM form_template_versions));

-- Form Template Fields
INSERT INTO public.form_template_fields
    (created_at, updated_at, deleted_at, advanced_options, col_num, required, category, title, icon, field_id, field_type, field_name, form_template_version_id)
VALUES
    ('2025-04-20 11:08:18.022', '2025-04-20 11:08:18.022', NULL, '{}'::jsonb, 0, false, 'BASIC_FIELD', 'Title', 'title', '8aa695b4-55a0-4282-b960-3f6a2c0cfc76', 'TITLE', 'Requestor Information		', 2),
    ('2025-04-20 11:08:18.022', '2025-04-20 11:08:18.022', NULL, '{"tooltip": null, "helpText": null, "maxChars": null, "validation": null, "placeholder": "Requestor Name", "defaultValue": null}'::jsonb, 1, true, 'BASIC_FIELD', 'Text', 'format_color_text', 'Requestor Name', 'TEXT', 'Requestor Name', 2),
    ('2025-04-20 11:08:18.022', '2025-04-20 11:08:18.022', NULL, '{"options": [{"label": "Prepify", "value": "Prepify"}, {"label": "ZODC", "value": "ZODC"}], "tooltip": null, "helpText": null, "placeholder": null, "inputNewOption": true, "preventInputDuplicateOption": true}'::jsonb, 2, true, 'OPTION_FIELD', 'Multi-select', 'control_point_duplicate', 'Project Name', 'MULTI_SELECT', 'Project Name', 2),
    ('2025-04-20 11:08:18.022', '2025-04-20 11:08:18.022', NULL, '{"maxRows": null, "minRows": 3, "tooltip": null, "helpText": null, "maxChars": null, "validation": "ANY_VALUE", "placeholder": "Project Overview", "defaultValue": null}'::jsonb, 3, true, 'BASIC_FIELD', 'Text Area', 'article', 'Project Overview', 'TEXT_AREA', 'Project Overview', 2),
    ('2025-04-20 11:08:18.022', '2025-04-20 11:08:18.022', NULL, '{}'::jsonb, 4, false, 'BASIC_FIELD', 'Title', 'title', '23af6e34-9816-4900-9386-a9d5df521604', 'TITLE', 'Position Details				', 2),
    ('2025-04-20 11:08:18.022', '2025-04-20 11:08:18.022', NULL, '{"options": [{"label": "Frontend Developer", "value": "Frontend Developer"}, {"label": "Backend Developer", "value": "Backend Developer"}, {"label": "DevOps Engineer", "value": "DevOps Engineer"}, {"label": "UI/UX Designer", "value": "UI/UX Designer"}, {"label": "QA Engineer (Tester)", "value": "QA Engineer (Tester)"}, {"label": "Business Analyst (BA)", "value": "Business Analyst (BA)"}], "tooltip": null, "helpText": "Job title", "placeholder": null, "inputNewOption": false, "preventInputDuplicateOption": true}'::jsonb, 5, false, 'OPTION_FIELD', 'Multi-select', 'control_point_duplicate', 'Job title', 'MULTI_SELECT', 'Job title', 2),
    ('2025-04-20 11:08:18.022', '2025-04-20 11:08:18.022', NULL, '{"tooltip": null, "helpText": "Enter the number of positions in order of job title and separate with commas", "maxChars": null, "validation": null, "placeholder": "Number of Positions", "defaultValue": null}'::jsonb, 6, false, 'BASIC_FIELD', 'Text', 'format_color_text', 'Number of Positions', 'TEXT', 'Number of Positions', 2),
    ('2025-04-20 11:08:18.022', '2025-04-20 11:08:18.022', NULL, '{"tooltip": null, "helpText": null, "placeholder": "Start Date", "validations": [], "defaultValue": null, "disableWeekdays": []}'::jsonb, 7, true, 'DATE_TIME_FIELD', 'Date', 'today', 'Start Date', 'DATE', 'Start Date', 2),
    ('2025-04-20 11:08:18.022', '2025-04-20 11:08:18.022', NULL, '{"tooltip": null, "helpText": null, "placeholder": "End Date", "validations": [], "defaultValue": null, "disableWeekdays": []}'::jsonb, 7, true, 'DATE_TIME_FIELD', 'Date', 'today', 'End Date', 'DATE', 'End Date', 2),
    ('2025-04-20 11:08:18.022', '2025-04-20 11:08:18.022', NULL, '{"maxRows": null, "minRows": 3, "tooltip": null, "helpText": null, "maxChars": null, "validation": null, "placeholder": "Scope of work", "defaultValue": null}'::jsonb, 8, true, 'BASIC_FIELD', 'Text Area', 'article', 'Scope of work', 'TEXT_AREA', 'Scope of work', 2),
    ('2025-04-20 11:08:18.022', '2025-04-20 11:08:18.022', NULL, '{}'::jsonb, 9, false, 'BASIC_FIELD', 'Title', 'title', 'ab20ac17-f5e8-4a53-9f8d-de10e0e52e52', 'TITLE', 'Job Requirements				', 2),
    ('2025-04-20 11:08:18.022', '2025-04-20 11:08:18.022', NULL, '{"options": [{"label": "Angular (14+)", "value": "Angular (14+)"}, {"label": "React", "value": "React"}, {"label": "Vue", "value": "Vue"}, {"label": "Nodejs", "value": "Nodejs"}, {"label": "Python", "value": "Python"}, {"label": "Golang", "value": "Golang"}], "tooltip": null, "helpText": null, "placeholder": "Must have Skill/Knowledge", "inputNewOption": null, "preventInputDuplicateOption": true}'::jsonb, 10, true, 'OPTION_FIELD', 'Multi-select', 'control_point_duplicate', 'Must have Skill/Knowledge', 'MULTI_SELECT', 'Must have Skill/Knowledge', 2),
    ('2025-04-20 11:08:18.022', '2025-04-20 11:08:18.022', NULL, '{"tooltip": null, "helpText": null, "maxChars": null, "validation": null, "placeholder": "Nice to have Skill/Knowledge", "defaultValue": ""}'::jsonb, 11, false, 'BASIC_FIELD', 'Text', 'format_color_text', 'Nice to have Skill/Knowledge', 'TEXT', 'Nice to have Skill/Knowledge', 2),
    ('2025-04-20 11:08:18.022', '2025-04-20 11:08:18.022', NULL, '{}'::jsonb, 12, false, 'BASIC_FIELD', 'Title', 'title', '89d9d2b4-ada9-43b2-8074-0a9c44743513', 'TITLE', 'Contact				', 2),
    ('2025-04-20 11:08:18.022', '2025-04-20 11:08:18.022', NULL, '{"tooltip": null, "helpText": null, "maxChars": null, "validation": null, "placeholder": "Contactor Name", "defaultValue": null}'::jsonb, 13, false, 'BASIC_FIELD', 'Text', 'format_color_text', 'Contactor Name', 'TEXT', 'Contactor Name', 2),
    ('2025-04-20 11:08:18.022', '2025-04-20 11:08:18.022', NULL, '{"tooltip": null, "helpText": null, "maxChars": null, "validation": "EMAIL", "placeholder": "Email", "defaultValue": null}'::jsonb, 14, false, 'BASIC_FIELD', 'Text', 'format_color_text', 'Email', 'TEXT', 'Email', 2),
    ('2025-04-20 11:10:01.533', '2025-04-20 11:10:01.533', NULL, '{}'::jsonb, 0, false, 'BASIC_FIELD', 'Title', 'title', 'b88f6120-6f8a-4a66-babb-7c847734c654', 'TITLE', 'Requestor Information		', 3),
    ('2025-04-20 11:10:01.533', '2025-04-20 11:10:01.533', NULL, '{"tooltip": null, "helpText": null, "maxChars": null, "validation": null, "placeholder": "Requestor Name", "defaultValue": null}'::jsonb, 1, true, 'BASIC_FIELD', 'Text', 'format_color_text', 'Requestor Name', 'TEXT', 'Requestor Name', 3),
    ('2025-04-20 11:10:01.533', '2025-04-20 11:10:01.533', NULL, '{"options": [{"label": "Prepify", "value": "Prepify"}, {"label": "ZODC", "value": "ZODC"}], "tooltip": null, "helpText": null, "placeholder": "Project Name", "inputNewOption": true, "preventInputDuplicateOption": true}'::jsonb, 2, false, 'OPTION_FIELD', 'Multi-select', 'control_point_duplicate', 'Project Name', 'MULTI_SELECT', 'Project Name', 3),
    ('2025-04-20 11:14:38.430', '2025-04-20 11:14:38.430', NULL, '{}'::jsonb, 0, false, 'BASIC_FIELD', 'Title', 'title', '8aa695b4-55a0-4282-b960-3f6a2c0cfc76', 'TITLE', 'Requestor Information		', 4),
    ('2025-04-20 11:14:38.430', '2025-04-20 11:14:38.430', NULL, '{"tooltip": null, "helpText": null, "maxChars": null, "validation": null, "placeholder": "Requestor Name", "defaultValue": null}'::jsonb, 1, true, 'BASIC_FIELD', 'Text', 'format_color_text', 'Requestor Name', 'TEXT', 'Requestor Name', 4),
    ('2025-04-20 11:14:38.430', '2025-04-20 11:14:38.430', NULL, '{"options": [{"label": "Prepify", "value": "Prepify"}, {"label": "ZODC", "value": "ZODC"}], "tooltip": null, "helpText": null, "placeholder": null, "inputNewOption": true, "preventInputDuplicateOption": true}'::jsonb, 2, true, 'OPTION_FIELD', 'Multi-select', 'control_point_duplicate', 'Project Name', 'MULTI_SELECT', 'Project Name', 4),
    ('2025-04-20 11:14:38.430', '2025-04-20 11:14:38.430', NULL, '{}'::jsonb, 3, false, 'BASIC_FIELD', 'Title', 'title', '23af6e34-9816-4900-9386-a9d5df521604', 'TITLE', 'Candidate Information					', 4),
    ('2025-04-20 11:14:38.430', '2025-04-20 11:14:38.430', NULL, '{"tooltip": null, "helpText": null, "maxChars": null, "validation": null, "placeholder": "Candidate Name", "defaultValue": null}'::jsonb, 4, true, 'BASIC_FIELD', 'Text', 'format_color_text', 'Candidate Name', 'TEXT', 'Candidate Name', 4),
    ('2025-04-20 11:14:38.430', '2025-04-20 11:14:38.430', NULL, '{"tooltip": null, "helpText": null, "maxChars": null, "validation": "EMAIL", "placeholder": "Email Address", "defaultValue": null}'::jsonb, 5, true, 'BASIC_FIELD', 'Text', 'format_color_text', 'Email Address', 'TEXT', 'Email Address', 4),
    ('2025-04-20 11:14:38.430', '2025-04-20 11:14:38.430', NULL, '{"options": [{"label": "Frontend Developer", "value": "Frontend Developer"}, {"label": "Backend Developer", "value": "Backend Developer"}, {"label": "DevOps Engineer", "value": "DevOps Engineer"}, {"label": "UI/UX Designer", "value": "UI/UX Designer"}, {"label": "QA Engineer (Tester)", "value": "QA Engineer (Tester)"}, {"label": "Business Analyst (BA)", "value": "Business Analyst (BA)"}], "tooltip": null, "helpText": "", "placeholder": "Job title", "inputNewOption": false, "preventInputDuplicateOption": true}'::jsonb, 6, true, 'OPTION_FIELD', 'Multi-select', 'control_point_duplicate', 'Job title', 'MULTI_SELECT', 'Job title', 4),
    ('2025-04-20 11:14:38.430', '2025-04-20 11:14:38.430', NULL, '{"options": [{"label": "Fresher (0-1)", "value": "Fresher (0-1)"}, {"label": "Junior (1-2)", "value": "Junior (1-2)"}, {"label": "Mid-level (3-4)", "value": "Mid-level (3-4)"}, {"label": "Senior (5+)", "value": "Senior (5+)"}], "tooltip": null, "vertical": null, "defaultOptionIndex": null}'::jsonb, 7, true, 'OPTION_FIELD', 'Radio', 'radio_button_checked', 'Years of Experience', 'RADIO', 'Years of Experience', 4),
    ('2025-04-20 11:14:38.430', '2025-04-20 11:14:38.430', NULL, '{"tooltip": null, "helpText": null, "placeholder": "Interview Date", "validations": [], "defaultValue": null, "disableWeekdays": []}'::jsonb, 8, true, 'DATE_TIME_FIELD', 'Date', 'today', 'Interview Date', 'DATE', 'Interview Date', 4),
    ('2025-04-20 11:14:38.430', '2025-04-20 11:14:38.430', NULL, '{"allowedFileType": ["pdf"]}'::jsonb, 9, true, 'ADVANCED_FIELD', 'Attachment', 'attach_file', 'Resume File Upload', 'ATTACHMENT', 'Resume File Upload', 4),
    ('2025-04-20 11:14:38.430', '2025-04-20 11:14:38.430', NULL, '{"maxRows": null, "minRows": "3", "tooltip": null, "helpText": null, "maxChars": null, "validation": null, "placeholder": "Interview Notes", "defaultValue": null}'::jsonb, 10, false, 'BASIC_FIELD', 'Text Area', 'article', 'Interview Notes', 'TEXT_AREA', 'Interview Notes', 4);

-- +goose Down
